Emp_ID,Name,Age,Salary (INR),Experience (Years),City,Department,Performance Rating
600,Ayesha Siddiqui,29.0,1772345.0,14.0,Lahore,Finance,3.5
282,Sana Mir,48.0,-50000.0,7.0,Hyderabad,IT,
350,Mahira Khan,29.0,64489.0,5.0,Chennai,Management,1.0
573,Malala Yousafzai,41.0,1515216.0,18.0,Bangalore,Operations,4.2
102,Mahira Khan,54.0,1512433.0,6.0,Mumbai,IT,5.0
444,Junaid Jamshed,35.0,1870391.0,14.0,Pune,Management,1.0
280,Muhammad Javed,37.0,685226.0,16.0,Delhi,IT,
177,Bilal Zafar,60.0,278590.0,23.0,Chennai,nan,4.8
405,Samia Qadri,22.0,1189928.0,18.0,Karachi,Finance,4.8
495,Malala Yousafzai,45.0,1261365.0,,Bangalore,nan,3.5
574,Ahmed Khan,26.0,802439.0,16.0,Hyderabad,Sales,4.2
524,Samia Qadri,-25.0,127665.0,3.0,Hyderabad,Operations,4.2
139,Ayesha Siddiqui,23.0,916429.0,24.0,Chennai,HR,5.0
578,Ahmed Khan,42.0,587806.0,2.0,Chennai,IT,2.5
363,Hassan Niazi,,1770049.0,20.0,Mumbai,Operations,
394,Wasim Akram,18.0,1972146.0,25.0,Lahore,nan,2.5
221,Samia Qadri,30.0,,8.0,Chennai,Finance,2.5
395,Fatima Jinnah,29.0,1529385.0,18.0,Karachi,Management,2.5
486,Wasim Akram,50.0,210545.0,4.0,Chennai,Operations,1.0
111,Bilal Zafar,35.0,1167930.0,0.0,Karachi,Management,4.8
137,Mahira Khan,25.0,366653.0,16.0,Chennai,IT,2.5
466,Samia Qadri,64.0,874357.0,1.0,Mumbai,HR,4.8
623,Ayesha Siddiqui,35.0,82468.0,2.0,Hyderabad,nan,5.0
549,Junaid Jamshed,54.0,1322950.0,7.0,Chennai,Finance,3.5
172,Ayesha Siddiqui,57.0,1986040.0,16.0,Lahore,Management,3.5
500,Bilal Zafar,51.0,1611879.0,19.0,nan,Operations,1.0
261,Junaid Jamshed,44.0,1834402.0,19.0,Hyderabad,nan,3.5
636,Hassan Niazi,40.0,256923.0,18.0,Karachi,IT,4.8
145,Bilal Zafar,51.0,1969803.0,18.0,Delhi,Finance,5.0
355,Bilal Zafar,48.0,731971.0,21.0,Karachi,nan,4.2
294,Junaid Jamshed,48.0,1063985.0,21.0,Chennai,IT,
162,Fatima Jinnah,44.0,660042.0,27.0,Chennai,Management,
479,Junaid Jamshed,23.0,913578.0,inf,nan,IT,3.5
507,Mahira Khan,34.0,1502939.0,4.0,Mumbai,IT,1.0
563,Sana Mir,42.0,1540027.0,11.0,Hyderabad,Sales,3.5
310,Junaid Jamshed,27.0,598121.0,12.0,Lahore,Management,4.2
501,Muhammad Javed,49.0,174168.0,4.0,Hyderabad,IT,1.0
493,Samia Qadri,27.0,1086003.0,5.0,Chennai,Management,4.8
196,Sana Mir,,1859724.0,11.0,Pune,HR,1.0
607,Malala Yousafzai,28.0,inf,-5.0,Hyderabad,Sales,5.0
537,Muhammad Javed,18.0,939466.0,1.0,Hyderabad,Management,3.5
447,Ayesha Siddiqui,62.0,466087.0,20.0,Lahore,Management,4.8
624,Fatima Jinnah,25.0,482362.0,20.0,Lahore,nan,1.0
629,Ahmed Khan,-25.0,1145427.0,23.0,Delhi,nan,4.2
391,Samia Qadri,64.0,775573.0,23.0,Chennai,Operations,3.5
140,Bilal Zafar,,1258470.0,13.0,Chennai,Operations,4.8
376,Hassan Niazi,-25.0,35473.0,15.0,Delhi,Management,4.8
192,Samia Qadri,46.0,inf,0.0,Bangalore,HR,2.5
577,Hassan Niazi,52.0,1843359.0,1.0,Mumbai,Sales,2.5
642,Mahira Khan,,1847132.0,17.0,Karachi,nan,3.5
371,Muhammad Javed,38.0,753927.0,26.0,Karachi,Finance,1.0
499,Ahmed Khan,inf,1469389.0,24.0,Karachi,Operations,1.0
232,Ahmed Khan,55.0,554127.0,29.0,Lahore,Operations,2.5
588,Mahira Khan,52.0,1044219.0,24.0,Bangalore,Finance,
424,Ahmed Khan,44.0,inf,20.0,Mumbai,IT,3.5
616,Fatima Jinnah,42.0,1101367.0,8.0,nan,Finance,4.2
603,Ayesha Siddiqui,19.0,1136655.0,2.0,Pune,nan,
615,Sana Mir,64.0,1547794.0,14.0,Lahore,IT,
576,Bilal Zafar,57.0,1188489.0,18.0,Bangalore,HR,5.0
142,Sana Mir,32.0,696803.0,8.0,Karachi,HR,4.2
233,Ahmed Khan,32.0,573943.0,23.0,Delhi,HR,4.2
259,Mahira Khan,63.0,195245.0,20.0,Delhi,Sales,3.5
497,Mahira Khan,58.0,1095463.0,6.0,Chennai,Finance,3.5
132,Muhammad Javed,57.0,789140.0,22.0,Lahore,nan,3.5
527,Fatima Jinnah,34.0,1361927.0,26.0,Hyderabad,Finance,4.2
496,Junaid Jamshed,50.0,1892039.0,12.0,Delhi,IT,5.0
498,Wasim Akram,30.0,563929.0,12.0,Chennai,HR,2.5
516,Hassan Niazi,,259039.0,28.0,Lahore,Sales,3.5
150,Mahira Khan,28.0,1275843.0,15.0,Pune,Operations,2.5
241,Junaid Jamshed,43.0,1655337.0,1.0,Bangalore,Sales,5.0
541,Malala Yousafzai,43.0,838281.0,27.0,Karachi,Sales,2.5
455,Fatima Jinnah,48.0,717264.0,27.0,Karachi,IT,5.0
262,Malala Yousafzai,40.0,866953.0,22.0,Chennai,Finance,4.2
612,Ayesha Siddiqui,29.0,1937089.0,,Mumbai,Sales,5.0
340,Samia Qadri,33.0,1362866.0,26.0,Chennai,Sales,3.5
512,Samia Qadri,53.0,1221136.0,1.0,Mumbai,Finance,2.5
181,Sana Mir,27.0,735127.0,2.0,Mumbai,Sales,1.0
299,Ahmed Khan,32.0,334232.0,28.0,Karachi,Operations,4.8
236,Junaid Jamshed,34.0,1669282.0,25.0,Lahore,nan,2.5
389,Ayesha Siddiqui,31.0,1287898.0,20.0,Hyderabad,Operations,4.2
480,Mahira Khan,41.0,1684074.0,1.0,Pune,Operations,4.2
228,Junaid Jamshed,54.0,391604.0,8.0,Karachi,Finance,2.5
370,Mahira Khan,45.0,1418146.0,0.0,Pune,Sales,5.0
560,Junaid Jamshed,39.0,1110705.0,23.0,Mumbai,Sales,1.0
234,Hassan Niazi,19.0,1975964.0,26.0,Pune,Management,
361,Malala Yousafzai,62.0,1541911.0,24.0,Bangalore,Operations,5.0
474,Ahmed Khan,49.0,329996.0,1.0,Delhi,nan,5.0
104,Samia Qadri,49.0,805578.0,16.0,Bangalore,Finance,2.5
645,Junaid Jamshed,53.0,25949.0,-5.0,Lahore,Sales,
449,Ayesha Siddiqui,60.0,1110713.0,18.0,Karachi,Sales,4.2
451,Hassan Niazi,35.0,1231237.0,0.0,Delhi,nan,2.5
463,Ahmed Khan,58.0,90719.0,7.0,Pune,HR,
520,Junaid Jamshed,63.0,1098501.0,22.0,nan,Sales,
443,Sana Mir,40.0,1089761.0,27.0,Pune,IT,1.0
434,Ahmed Khan,39.0,1242745.0,27.0,Delhi,Finance,4.2
288,Hassan Niazi,42.0,263762.0,18.0,Hyderabad,HR,4.8
433,Ahmed Khan,21.0,1529156.0,8.0,Mumbai,nan,4.8
331,Ahmed Khan,49.0,1942061.0,7.0,Pune,Sales,1.0
116,Malala Yousafzai,38.0,134919.0,21.0,Delhi,Finance,4.8
255,Hassan Niazi,37.0,570903.0,1.0,Lahore,IT,4.8
238,Ayesha Siddiqui,29.0,1765014.0,7.0,Pune,Operations,
435,Mahira Khan,42.0,inf,29.0,Mumbai,Finance,4.2
641,Samia Qadri,29.0,1753068.0,21.0,nan,nan,4.8
337,Junaid Jamshed,57.0,846080.0,2.0,Pune,Management,
604,Malala Yousafzai,38.0,1852887.0,24.0,Bangalore,Sales,3.5
529,Muhammad Javed,33.0,643891.0,13.0,Mumbai,HR,2.5
628,Fatima Jinnah,43.0,750396.0,18.0,Bangalore,IT,5.0
362,Sana Mir,inf,1918891.0,20.0,nan,Finance,4.2
253,Malala Yousafzai,22.0,1621432.0,18.0,nan,Finance,2.5
184,Mahira Khan,54.0,874393.0,23.0,nan,Management,3.5
244,Sana Mir,38.0,930290.0,24.0,Pune,HR,4.8
302,Malala Yousafzai,38.0,174724.0,18.0,Delhi,Management,4.8
367,Hassan Niazi,49.0,1889419.0,20.0,Bangalore,Sales,4.2
635,Fatima Jinnah,42.0,95111.0,9.0,Lahore,Sales,4.2
235,Wasim Akram,33.0,1597150.0,-5.0,nan,Operations,
468,Samia Qadri,40.0,1337334.0,2.0,Mumbai,HR,5.0
295,Malala Yousafzai,64.0,1134234.0,inf,nan,IT,1.0
401,Mahira Khan,50.0,1960736.0,29.0,Delhi,nan,1.0
119,Ahmed Khan,50.0,384475.0,7.0,Delhi,IT,4.8
457,Hassan Niazi,41.0,1293986.0,13.0,Lahore,nan,4.8
313,Samia Qadri,32.0,429241.0,10.0,Lahore,IT,3.5
368,Fatima Jinnah,54.0,1403552.0,15.0,Chennai,nan,2.5
462,Ahmed Khan,31.0,1083084.0,5.0,nan,Operations,4.2
320,Hassan Niazi,63.0,1702822.0,1.0,Mumbai,Sales,3.5
136,Malala Yousafzai,57.0,1031789.0,17.0,Delhi,IT,3.5
575,Wasim Akram,31.0,71843.0,22.0,Hyderabad,Sales,5.0
420,Hassan Niazi,49.0,126212.0,21.0,Hyderabad,HR,2.5
561,Wasim Akram,51.0,214437.0,17.0,Bangalore,Management,4.2
287,Fatima Jinnah,60.0,721101.0,8.0,Pune,Finance,4.8
568,Bilal Zafar,57.0,746218.0,21.0,Bangalore,Finance,4.8
359,Malala Yousafzai,inf,1391204.0,20.0,Hyderabad,HR,5.0
586,Sana Mir,46.0,1159159.0,22.0,Pune,IT,
488,Ayesha Siddiqui,58.0,1344550.0,22.0,nan,Sales,
384,Sana Mir,55.0,100119.0,20.0,Hyderabad,IT,4.2
264,Muhammad Javed,54.0,274062.0,24.0,Lahore,Operations,5.0
514,Ayesha Siddiqui,61.0,1967541.0,16.0,nan,IT,4.8
510,Fatima Jinnah,30.0,1584138.0,19.0,Hyderabad,Operations,4.8
602,Sana Mir,19.0,1138647.0,21.0,Karachi,Sales,5.0
202,Sana Mir,29.0,136506.0,4.0,Delhi,Finance,4.8
599,Ahmed Khan,61.0,648252.0,6.0,Bangalore,Sales,2.5
178,Hassan Niazi,25.0,499130.0,12.0,nan,Finance,4.2
114,Junaid Jamshed,18.0,1770367.0,26.0,Bangalore,Operations,5.0
239,Sana Mir,24.0,313441.0,15.0,Pune,Management,4.8
640,Hassan Niazi,31.0,1778051.0,15.0,Hyderabad,Management,1.0
441,Bilal Zafar,51.0,1221581.0,0.0,Hyderabad,IT,2.5
194,Bilal Zafar,53.0,1429709.0,12.0,Pune,Sales,
592,Wasim Akram,23.0,1653836.0,20.0,Karachi,Operations,3.5
456,Wasim Akram,52.0,1377373.0,10.0,nan,IT,3.5
471,Mahira Khan,36.0,327687.0,12.0,Chennai,Management,4.2
622,Samia Qadri,55.0,992222.0,11.0,Delhi,nan,3.5
532,Wasim Akram,36.0,195771.0,16.0,Karachi,Finance,2.5
292,Samia Qadri,36.0,661988.0,13.0,Bangalore,Management,4.8
619,Malala Yousafzai,22.0,762466.0,12.0,Delhi,nan,4.8
533,Muhammad Javed,22.0,1480094.0,12.0,Bangalore,nan,5.0
308,Malala Yousafzai,21.0,910560.0,16.0,Mumbai,Management,2.5
593,Samia Qadri,48.0,743080.0,,Karachi,Operations,5.0
358,Hassan Niazi,40.0,358917.0,17.0,Karachi,HR,4.8
595,Junaid Jamshed,32.0,1438661.0,24.0,Pune,IT,
276,Wasim Akram,45.0,1660916.0,-5.0,Mumbai,HR,4.8
396,Fatima Jinnah,19.0,492768.0,18.0,Lahore,IT,1.0
475,Ahmed Khan,48.0,1323280.0,22.0,Lahore,Sales,1.0
386,Samia Qadri,51.0,1135626.0,9.0,Hyderabad,Operations,4.8
392,Malala Yousafzai,26.0,1784975.0,24.0,Bangalore,Operations,4.8
229,Muhammad Javed,51.0,-50000.0,14.0,Mumbai,Sales,5.0
649,Ahmed Khan,,1037348.0,24.0,Karachi,nan,
589,Mahira Khan,33.0,205626.0,27.0,Karachi,Operations,2.5
428,Wasim Akram,58.0,560412.0,3.0,Lahore,Management,3.5
393,Junaid Jamshed,22.0,806270.0,19.0,Pune,Finance,1.0
333,Bilal Zafar,27.0,483324.0,14.0,Lahore,nan,2.5
283,Wasim Akram,59.0,1254732.0,15.0,Lahore,Management,3.5
263,Wasim Akram,35.0,1217853.0,1.0,Karachi,Operations,1.0
538,Ahmed Khan,52.0,1834685.0,22.0,nan,Finance,4.2
472,Ayesha Siddiqui,63.0,558074.0,26.0,Chennai,IT,2.5
413,Wasim Akram,62.0,1929052.0,11.0,Pune,HR,5.0
583,Muhammad Javed,46.0,836937.0,24.0,Pune,Management,1.0
491,Muhammad Javed,24.0,1903292.0,26.0,Mumbai,Finance,2.5
492,Ayesha Siddiqui,37.0,892904.0,inf,Delhi,nan,4.8
374,Samia Qadri,36.0,1003749.0,24.0,Hyderabad,nan,3.5
430,Hassan Niazi,24.0,1822458.0,16.0,Lahore,IT,5.0
174,Ahmed Khan,36.0,376858.0,20.0,Bangalore,Operations,4.2
200,Junaid Jamshed,46.0,inf,23.0,Karachi,Finance,4.2
422,Wasim Akram,-25.0,1086743.0,24.0,Delhi,HR,4.8
448,Muhammad Javed,35.0,885500.0,14.0,Mumbai,HR,
266,Junaid Jamshed,52.0,1134085.0,1.0,Pune,Finance,4.2
450,Ayesha Siddiqui,42.0,514539.0,4.0,Pune,Management,
144,Muhammad Javed,32.0,1807731.0,24.0,Delhi,Management,4.2
117,Bilal Zafar,34.0,1638466.0,8.0,Karachi,Management,1.0
176,Hassan Niazi,,1641467.0,3.0,Bangalore,Management,4.8
643,Malala Yousafzai,60.0,431527.0,5.0,nan,Sales,4.2
523,Hassan Niazi,60.0,1987681.0,11.0,nan,HR,3.5
485,Malala Yousafzai,29.0,218742.0,27.0,Karachi,Finance,4.2
135,Ayesha Siddiqui,34.0,53351.0,20.0,Bangalore,Sales,1.0
625,Samia Qadri,18.0,633709.0,9.0,Lahore,IT,4.8
161,Sana Mir,21.0,-50000.0,9.0,nan,nan,1.0
630,Fatima Jinnah,,1489806.0,-5.0,nan,Sales,4.8
464,Sana Mir,49.0,590910.0,17.0,Mumbai,HR,4.2
318,Bilal Zafar,25.0,791229.0,18.0,Mumbai,Management,3.5
412,Samia Qadri,34.0,479780.0,16.0,Bangalore,nan,1.0
559,Junaid Jamshed,54.0,144586.0,2.0,Hyderabad,Sales,
360,Samia Qadri,27.0,1184907.0,16.0,nan,Management,
315,Junaid Jamshed,62.0,258105.0,0.0,Mumbai,IT,2.5
305,Hassan Niazi,50.0,inf,17.0,Pune,Finance,1.0
598,Mahira Khan,,1031020.0,8.0,Pune,IT,4.2
566,Junaid Jamshed,18.0,364688.0,12.0,Delhi,HR,3.5
571,Wasim Akram,48.0,inf,14.0,Lahore,nan,2.5
326,Bilal Zafar,24.0,566304.0,24.0,Chennai,Sales,4.8
165,Malala Yousafzai,62.0,1869185.0,10.0,Karachi,Management,4.2
325,Ahmed Khan,58.0,304949.0,26.0,Chennai,Operations,
547,Hassan Niazi,28.0,31752.0,6.0,Hyderabad,IT,4.2
554,Mahira Khan,34.0,1234742.0,2.0,Chennai,HR,4.8
513,Fatima Jinnah,19.0,272230.0,8.0,Pune,HR,3.5
477,Malala Yousafzai,44.0,1741529.0,3.0,Karachi,Finance,1.0
134,Ayesha Siddiqui,29.0,383688.0,18.0,Delhi,IT,4.8
605,Ahmed Khan,29.0,157697.0,-5.0,Chennai,HR,4.8
348,Wasim Akram,29.0,1232742.0,-5.0,Hyderabad,Sales,3.5
329,Muhammad Javed,20.0,1661780.0,11.0,Hyderabad,Finance,5.0
166,Bilal Zafar,40.0,1217597.0,26.0,Mumbai,Management,4.8
338,Mahira Khan,44.0,999545.0,0.0,Delhi,IT,5.0
344,Fatima Jinnah,57.0,1087190.0,25.0,Chennai,Management,4.2
291,Samia Qadri,19.0,1728070.0,7.0,Mumbai,Sales,1.0
189,Samia Qadri,20.0,1225943.0,23.0,Hyderabad,IT,
377,Samia Qadri,26.0,42393.0,6.0,Mumbai,nan,4.2
446,Muhammad Javed,32.0,666800.0,7.0,Delhi,Finance,2.5
284,Bilal Zafar,56.0,1906504.0,20.0,Pune,Sales,3.5
569,Sana Mir,26.0,975353.0,12.0,nan,IT,1.0
528,Sana Mir,53.0,484623.0,20.0,Hyderabad,Sales,3.5
345,Fatima Jinnah,59.0,992748.0,13.0,Bangalore,Sales,5.0
354,Hassan Niazi,35.0,787155.0,13.0,Karachi,Operations,4.8
143,Junaid Jamshed,32.0,1024733.0,29.0,nan,Finance,5.0
190,Samia Qadri,,1559641.0,1.0,Chennai,IT,
146,Wasim Akram,25.0,205534.0,inf,Mumbai,Operations,1.0
191,Bilal Zafar,63.0,1023857.0,28.0,Bangalore,Management,4.2
334,Junaid Jamshed,21.0,1632624.0,5.0,Chennai,HR,5.0
637,Wasim Akram,60.0,1662249.0,26.0,Chennai,nan,5.0
490,Fatima Jinnah,41.0,512451.0,9.0,Mumbai,Operations,
548,Sana Mir,41.0,1349808.0,-5.0,Pune,Management,4.2
267,Muhammad Javed,39.0,1553808.0,16.0,Lahore,IT,4.2
439,Sana Mir,52.0,1432374.0,28.0,Mumbai,HR,
268,Sana Mir,45.0,1048128.0,25.0,Hyderabad,Finance,1.0
369,Samia Qadri,56.0,,23.0,Pune,nan,1.0
639,Malala Yousafzai,38.0,634438.0,23.0,Karachi,Management,2.5
517,Bilal Zafar,54.0,1899197.0,6.0,Pune,HR,4.8
220,Bilal Zafar,61.0,308520.0,10.0,Chennai,Management,4.2
567,Malala Yousafzai,38.0,721342.0,2.0,Karachi,IT,4.8
505,Fatima Jinnah,61.0,,3.0,Mumbai,Sales,
188,Mahira Khan,37.0,1087844.0,19.0,Hyderabad,Finance,1.0
115,Hassan Niazi,54.0,996555.0,22.0,Lahore,IT,4.2
230,Ayesha Siddiqui,37.0,435890.0,28.0,Bangalore,nan,5.0
113,Hassan Niazi,18.0,,14.0,Hyderabad,Sales,4.8
127,Samia Qadri,18.0,1012419.0,0.0,Mumbai,Finance,2.5
112,Malala Yousafzai,53.0,175846.0,2.0,Karachi,Operations,4.8
216,Bilal Zafar,45.0,1183731.0,15.0,Lahore,Management,4.8
154,Hassan Niazi,56.0,1646434.0,4.0,Delhi,Operations,5.0
293,Hassan Niazi,26.0,235175.0,27.0,Pune,HR,1.0
213,Mahira Khan,64.0,974040.0,5.0,Delhi,Finance,1.0
193,Bilal Zafar,41.0,490683.0,5.0,Lahore,Sales,2.5
535,Samia Qadri,24.0,1137154.0,26.0,Bangalore,IT,2.5
285,Junaid Jamshed,51.0,1761895.0,23.0,Mumbai,Management,2.5
100,Muhammad Javed,50.0,972409.0,13.0,Mumbai,Operations,1.0
106,Muhammad Javed,45.0,79317.0,9.0,Karachi,Operations,5.0
429,Bilal Zafar,35.0,1667097.0,16.0,Hyderabad,Sales,5.0
103,Junaid Jamshed,58.0,1753508.0,12.0,Bangalore,Operations,4.2
218,Mahira Khan,34.0,240075.0,24.0,Mumbai,nan,5.0
481,Fatima Jinnah,25.0,1485622.0,21.0,Bangalore,IT,
543,Sana Mir,20.0,121416.0,24.0,Lahore,Sales,4.8
204,Ahmed Khan,47.0,1374998.0,18.0,Mumbai,Finance,4.8
581,Malala Yousafzai,46.0,1823949.0,17.0,Delhi,Finance,3.5
544,Mahira Khan,29.0,1050917.0,0.0,nan,Management,4.2
346,Samia Qadri,,310690.0,27.0,Hyderabad,Operations,5.0
536,Malala Yousafzai,46.0,236578.0,17.0,Mumbai,nan,
240,Ahmed Khan,34.0,941883.0,3.0,Lahore,IT,
163,Hassan Niazi,64.0,948220.0,2.0,Lahore,HR,4.8
509,Ayesha Siddiqui,44.0,1754532.0,-5.0,nan,nan,5.0
551,Ayesha Siddiqui,,inf,28.0,Hyderabad,HR,5.0
123,Malala Yousafzai,50.0,1162672.0,23.0,Karachi,Management,4.8
170,Sana Mir,44.0,980297.0,0.0,Mumbai,IT,4.2
300,Bilal Zafar,60.0,1247851.0,22.0,nan,HR,4.8
246,Mahira Khan,inf,585271.0,26.0,Karachi,IT,3.5
281,Mahira Khan,52.0,959618.0,8.0,Lahore,Sales,4.8
324,Wasim Akram,61.0,1599978.0,18.0,Delhi,Management,
608,Fatima Jinnah,-25.0,571866.0,11.0,Pune,Sales,5.0
306,Muhammad Javed,30.0,859181.0,7.0,Mumbai,Management,4.8
590,Muhammad Javed,39.0,34065.0,25.0,Chennai,Management,
186,Fatima Jinnah,28.0,,13.0,Chennai,Finance,
330,Ahmed Khan,-25.0,394038.0,13.0,Pune,nan,1.0
275,Ahmed Khan,52.0,1111842.0,11.0,Lahore,Management,2.5
169,Ahmed Khan,60.0,550332.0,15.0,Chennai,Sales,4.8
408,Junaid Jamshed,18.0,987693.0,21.0,Hyderabad,Finance,2.5
539,Wasim Akram,,1551253.0,,nan,Sales,1.0
105,Ayesha Siddiqui,53.0,1991233.0,,Karachi,Operations,1.0
382,Muhammad Javed,32.0,1466972.0,27.0,Delhi,HR,4.8
644,Bilal Zafar,55.0,1086970.0,6.0,Lahore,IT,1.0
175,Samia Qadri,26.0,623317.0,24.0,Mumbai,Operations,3.5
122,Muhammad Javed,,974718.0,18.0,Hyderabad,Management,
426,Wasim Akram,-25.0,1174230.0,16.0,Delhi,Management,4.8
148,Malala Yousafzai,64.0,94726.0,16.0,Mumbai,Sales,2.5
432,Wasim Akram,64.0,,1.0,Chennai,Finance,
565,Fatima Jinnah,61.0,464187.0,2.0,Chennai,HR,1.0
621,Ahmed Khan,22.0,1221575.0,28.0,Pune,Finance,5.0
171,Sana Mir,29.0,1932696.0,11.0,nan,IT,5.0
415,Bilal Zafar,45.0,528665.0,21.0,Mumbai,HR,2.5
223,Ayesha Siddiqui,53.0,135625.0,10.0,nan,IT,4.8
149,Ahmed Khan,52.0,382895.0,24.0,Lahore,Finance,2.5
249,Wasim Akram,43.0,1684877.0,-5.0,Karachi,Finance,4.8
298,Sana Mir,52.0,1005224.0,26.0,Lahore,IT,4.2
407,Fatima Jinnah,29.0,1183057.0,6.0,Lahore,HR,
613,Ayesha Siddiqui,40.0,1930869.0,5.0,Bangalore,HR,2.5
632,Muhammad Javed,62.0,1078016.0,4.0,Bangalore,Management,4.8
185,Fatima Jinnah,30.0,1959156.0,24.0,Karachi,nan,4.8
647,Wasim Akram,35.0,426514.0,15.0,Chennai,IT,3.5
584,Malala Yousafzai,21.0,958926.0,,Pune,Management,4.8
141,Malala Yousafzai,43.0,1988098.0,17.0,Hyderabad,Finance,1.0
242,Hassan Niazi,53.0,1133842.0,28.0,Mumbai,Finance,4.8
465,Ahmed Khan,24.0,-50000.0,14.0,nan,Finance,3.5
151,Sana Mir,18.0,637801.0,19.0,Mumbai,IT,1.0
118,Mahira Khan,23.0,1958311.0,19.0,Karachi,Operations,4.2
110,Junaid Jamshed,25.0,1190935.0,3.0,Mumbai,Sales,2.5
562,Samia Qadri,53.0,654921.0,12.0,Hyderabad,HR,
237,Sana Mir,34.0,1910966.0,5.0,Karachi,Operations,3.5
555,Sana Mir,63.0,215682.0,8.0,nan,HR,3.5
323,Junaid Jamshed,inf,671222.0,3.0,Karachi,Finance,3.5
534,Bilal Zafar,32.0,1677853.0,inf,Mumbai,IT,3.5
211,Junaid Jamshed,,1961305.0,9.0,Pune,Finance,2.5
107,Mahira Khan,20.0,116538.0,10.0,Chennai,Operations,3.5
319,Ayesha Siddiqui,53.0,760761.0,7.0,Karachi,Management,5.0
522,Fatima Jinnah,56.0,777637.0,26.0,Karachi,Finance,
198,Malala Yousafzai,60.0,,8.0,Delhi,nan,1.0
460,Hassan Niazi,33.0,247644.0,11.0,Pune,Finance,4.8
452,Samia Qadri,42.0,668944.0,10.0,Mumbai,IT,4.2
591,Malala Yousafzai,21.0,1250962.0,1.0,Pune,Operations,
410,Muhammad Javed,51.0,1288555.0,21.0,Hyderabad,Finance,3.5
442,Muhammad Javed,40.0,270616.0,13.0,nan,nan,3.5
580,Muhammad Javed,50.0,1155874.0,10.0,Hyderabad,Operations,1.0
519,Wasim Akram,57.0,1729471.0,26.0,Lahore,Operations,1.0
121,Bilal Zafar,46.0,1030834.0,9.0,Lahore,HR,2.5
126,Malala Yousafzai,35.0,667844.0,6.0,Lahore,Finance,5.0
124,Muhammad Javed,56.0,1014671.0,12.0,Lahore,Operations,2.5
414,Ahmed Khan,28.0,1916974.0,19.0,nan,Management,5.0
225,Junaid Jamshed,32.0,1432612.0,15.0,Bangalore,HR,2.5
572,Fatima Jinnah,61.0,432207.0,9.0,Lahore,HR,5.0
179,Samia Qadri,62.0,57606.0,27.0,Delhi,IT,5.0
168,Ahmed Khan,48.0,1433890.0,6.0,Bangalore,IT,4.2
303,Samia Qadri,33.0,1186765.0,13.0,Karachi,Management,5.0
411,Hassan Niazi,25.0,333402.0,13.0,Mumbai,Finance,4.2
478,Fatima Jinnah,43.0,1251435.0,21.0,Mumbai,Sales,5.0
206,Muhammad Javed,21.0,1393159.0,23.0,nan,Operations,2.5
453,Ahmed Khan,39.0,1047602.0,3.0,Lahore,IT,1.0
427,Bilal Zafar,-25.0,1891973.0,inf,Delhi,Management,2.5
646,Mahira Khan,40.0,825903.0,5.0,Mumbai,Finance,1.0
423,Ahmed Khan,35.0,330649.0,14.0,Pune,Management,2.5
546,Muhammad Javed,25.0,778153.0,25.0,Lahore,Management,3.5
147,Malala Yousafzai,61.0,95764.0,20.0,Pune,Management,2.5
153,Ayesha Siddiqui,35.0,1465537.0,3.0,Bangalore,nan,
187,Ayesha Siddiqui,27.0,1188823.0,11.0,Hyderabad,Management,
506,Sana Mir,21.0,1401960.0,19.0,Delhi,Sales,3.5
226,Bilal Zafar,22.0,203758.0,22.0,nan,Sales,3.5
570,Wasim Akram,21.0,905674.0,6.0,Mumbai,Management,
271,Bilal Zafar,20.0,1940802.0,0.0,nan,Sales,2.5
431,Hassan Niazi,24.0,670288.0,24.0,Pune,Sales,3.5
409,Ayesha Siddiqui,58.0,857886.0,16.0,Bangalore,Management,3.5
620,Sana Mir,54.0,1144226.0,22.0,Karachi,IT,5.0
322,Mahira Khan,54.0,316870.0,14.0,Chennai,nan,4.8
167,Sana Mir,46.0,261411.0,20.0,Karachi,HR,1.0
353,Sana Mir,61.0,1231806.0,20.0,Mumbai,IT,4.2
553,Fatima Jinnah,20.0,1699544.0,29.0,Lahore,Operations,2.5
304,Muhammad Javed,61.0,605690.0,3.0,Karachi,nan,2.5
286,Sana Mir,63.0,465272.0,9.0,Hyderabad,Management,3.5
335,Samia Qadri,49.0,607700.0,10.0,Mumbai,nan,5.0
278,Junaid Jamshed,64.0,631726.0,13.0,Delhi,Finance,4.8
159,Junaid Jamshed,38.0,333051.0,16.0,Delhi,IT,2.5
421,Ayesha Siddiqui,49.0,inf,13.0,Delhi,Operations,4.8
131,Mahira Khan,51.0,740241.0,12.0,Mumbai,IT,
258,Wasim Akram,64.0,728263.0,27.0,Mumbai,nan,
289,Muhammad Javed,31.0,1831023.0,24.0,Pune,Management,1.0
349,Mahira Khan,54.0,1281017.0,13.0,Delhi,Management,3.5
494,Bilal Zafar,48.0,817696.0,12.0,Lahore,Sales,4.8
597,Sana Mir,37.0,1035902.0,24.0,Karachi,Operations,2.5
252,Wasim Akram,18.0,336366.0,0.0,Pune,Management,5.0
336,Wasim Akram,-25.0,508371.0,16.0,nan,Operations,2.5
609,Muhammad Javed,24.0,188671.0,22.0,Delhi,HR,3.5
508,Muhammad Javed,63.0,1903929.0,0.0,nan,IT,1.0
357,Samia Qadri,54.0,1570974.0,2.0,Pune,HR,2.5
341,Muhammad Javed,57.0,1974445.0,6.0,Bangalore,Management,3.5
270,Ayesha Siddiqui,38.0,1788688.0,16.0,Chennai,Management,3.5
579,Wasim Akram,59.0,479266.0,,Pune,Sales,2.5
342,Wasim Akram,32.0,1269852.0,16.0,Karachi,Finance,1.0
296,Wasim Akram,30.0,1184746.0,12.0,Chennai,Operations,1.0
634,Hassan Niazi,41.0,1528726.0,11.0,Pune,Operations,4.2
398,Ayesha Siddiqui,34.0,539989.0,29.0,Chennai,HR,2.5
518,Hassan Niazi,58.0,121872.0,inf,nan,nan,1.0
247,Hassan Niazi,21.0,1858809.0,10.0,Delhi,HR,4.2
585,Fatima Jinnah,56.0,664338.0,13.0,nan,nan,
351,Mahira Khan,29.0,426070.0,23.0,Bangalore,IT,4.2
467,Muhammad Javed,22.0,861653.0,23.0,Mumbai,nan,2.5
164,Mahira Khan,63.0,39589.0,20.0,Hyderabad,Sales,1.0
406,Fatima Jinnah,56.0,979982.0,0.0,nan,Operations,2.5
314,Bilal Zafar,39.0,1803926.0,15.0,Hyderabad,IT,1.0
469,Sana Mir,57.0,936623.0,25.0,Bangalore,Operations,2.5
209,Ahmed Khan,64.0,1903089.0,28.0,nan,Sales,1.0
158,Sana Mir,58.0,1701571.0,28.0,Bangalore,Operations,5.0
582,Ahmed Khan,36.0,354645.0,1.0,Mumbai,Management,2.5
272,Mahira Khan,41.0,1000761.0,16.0,Chennai,Sales,1.0
343,Sana Mir,43.0,1604538.0,3.0,Chennai,Operations,2.5
417,Ayesha Siddiqui,32.0,1671249.0,18.0,Chennai,Management,4.8
373,Muhammad Javed,51.0,620824.0,2.0,Mumbai,Operations,
273,Samia Qadri,43.0,inf,16.0,Hyderabad,nan,4.2
257,Wasim Akram,43.0,829989.0,25.0,Hyderabad,nan,4.8
160,Hassan Niazi,41.0,380347.0,23.0,Bangalore,HR,4.2
250,Junaid Jamshed,33.0,1574058.0,29.0,Delhi,HR,3.5
248,Muhammad Javed,22.0,45391.0,8.0,Mumbai,IT,2.5
617,Malala Yousafzai,42.0,830224.0,19.0,Bangalore,Operations,4.8
626,Ayesha Siddiqui,51.0,1769567.0,,Bangalore,HR,
385,Ayesha Siddiqui,49.0,704388.0,,Hyderabad,HR,1.0
227,Fatima Jinnah,27.0,1739495.0,7.0,Bangalore,Operations,5.0
316,Mahira Khan,59.0,342479.0,2.0,Pune,Operations,5.0
205,Bilal Zafar,50.0,388499.0,28.0,Lahore,Management,1.0
504,Sana Mir,62.0,132696.0,19.0,Delhi,Sales,4.8
366,Sana Mir,58.0,813667.0,16.0,Pune,nan,1.0
327,Muhammad Javed,32.0,1599590.0,14.0,Bangalore,HR,4.2
489,Mahira Khan,33.0,1726540.0,18.0,Delhi,IT,4.2
219,Wasim Akram,46.0,941529.0,24.0,Hyderabad,IT,
208,Ahmed Khan,64.0,556479.0,10.0,Mumbai,Management,5.0
182,Junaid Jamshed,47.0,1764588.0,4.0,Bangalore,Finance,5.0
606,Fatima Jinnah,44.0,1029084.0,16.0,Lahore,Management,4.8
222,Bilal Zafar,40.0,1742015.0,27.0,Karachi,Sales,4.2
290,Ayesha Siddiqui,35.0,1893388.0,25.0,Chennai,Finance,1.0
108,Junaid Jamshed,30.0,841145.0,2.0,Bangalore,Sales,1.0
438,Fatima Jinnah,24.0,285587.0,13.0,Bangalore,nan,5.0
101,Wasim Akram,27.0,1061426.0,19.0,Hyderabad,Finance,5.0
556,Samia Qadri,19.0,1913881.0,28.0,Delhi,Sales,4.8
157,Fatima Jinnah,35.0,1111618.0,28.0,nan,Operations,4.8
372,Malala Yousafzai,33.0,508071.0,16.0,nan,nan,5.0
180,Ayesha Siddiqui,28.0,615754.0,29.0,Mumbai,HR,4.2
380,Sana Mir,23.0,295619.0,8.0,Mumbai,HR,4.2
352,Mahira Khan,56.0,1863880.0,3.0,Bangalore,HR,4.2
618,Malala Yousafzai,51.0,104321.0,25.0,nan,Sales,4.8
482,Mahira Khan,38.0,404294.0,0.0,Pune,HR,
201,Samia Qadri,57.0,1308040.0,15.0,Lahore,Sales,4.2
425,Ahmed Khan,58.0,388608.0,26.0,Mumbai,Operations,4.2
379,Samia Qadri,-25.0,1628526.0,1.0,Delhi,Sales,2.5
311,Malala Yousafzai,44.0,1789018.0,21.0,Lahore,HR,4.2
545,Fatima Jinnah,30.0,1189156.0,14.0,Lahore,Finance,4.8
265,Ahmed Khan,32.0,1312866.0,2.0,Lahore,HR,5.0
511,Malala Yousafzai,51.0,1112465.0,17.0,Lahore,nan,5.0
375,Sana Mir,48.0,433600.0,29.0,Karachi,nan,2.5
251,Malala Yousafzai,60.0,823959.0,inf,Chennai,nan,5.0
601,Wasim Akram,35.0,762668.0,0.0,Chennai,Management,1.0
156,Ayesha Siddiqui,53.0,130532.0,8.0,Bangalore,nan,4.8
400,Wasim Akram,25.0,1853327.0,29.0,Pune,IT,5.0
215,Ayesha Siddiqui,51.0,500686.0,28.0,Pune,HR,1.0
627,Junaid Jamshed,43.0,1884846.0,12.0,Hyderabad,nan,5.0
418,Ayesha Siddiqui,40.0,1100455.0,4.0,Delhi,HR,1.0
503,Bilal Zafar,50.0,969528.0,26.0,Hyderabad,Sales,5.0
614,Hassan Niazi,19.0,1173451.0,5.0,Lahore,nan,5.0
231,Fatima Jinnah,48.0,-50000.0,10.0,Chennai,Finance,1.0
312,Samia Qadri,33.0,1262023.0,29.0,Lahore,Sales,4.8
552,Wasim Akram,25.0,462088.0,24.0,nan,Finance,1.0
487,Junaid Jamshed,26.0,56861.0,11.0,Bangalore,nan,1.0
437,Fatima Jinnah,57.0,1907554.0,11.0,Lahore,HR,2.5
594,Fatima Jinnah,43.0,1724836.0,27.0,Chennai,Management,3.5
596,Ahmed Khan,34.0,1236257.0,21.0,Mumbai,nan,3.5
199,Bilal Zafar,54.0,,,Delhi,Finance,1.0
243,Bilal Zafar,23.0,305087.0,2.0,Delhi,Management,4.8
461,Wasim Akram,62.0,376550.0,26.0,nan,Finance,5.0
550,Hassan Niazi,inf,1888210.0,21.0,Delhi,Finance,1.0
365,Hassan Niazi,36.0,854421.0,2.0,Mumbai,Operations,5.0
383,Fatima Jinnah,24.0,488836.0,13.0,Lahore,Finance,3.5
210,Hassan Niazi,41.0,795136.0,26.0,Delhi,IT,
631,Muhammad Javed,61.0,1097512.0,24.0,Chennai,Sales,1.0
633,Malala Yousafzai,52.0,868156.0,3.0,Mumbai,Operations,5.0
309,Mahira Khan,18.0,737566.0,23.0,Hyderabad,nan,3.5
502,Wasim Akram,44.0,1218322.0,19.0,Hyderabad,Finance,
256,Ayesha Siddiqui,56.0,1025163.0,3.0,Lahore,Sales,2.5
526,Fatima Jinnah,34.0,1714185.0,15.0,Chennai,IT,1.0
254,Hassan Niazi,37.0,1497257.0,27.0,Delhi,Sales,1.0
260,Ayesha Siddiqui,26.0,651840.0,12.0,nan,Finance,4.8
279,Bilal Zafar,36.0,551399.0,5.0,Delhi,Management,1.0
339,Bilal Zafar,36.0,1935117.0,2.0,Delhi,Management,4.8
638,Samia Qadri,53.0,550377.0,6.0,Lahore,nan,
525,Mahira Khan,50.0,1863397.0,11.0,Delhi,nan,1.0
402,Hassan Niazi,57.0,1782656.0,-5.0,Hyderabad,Operations,4.8
347,Sana Mir,31.0,582227.0,27.0,Chennai,HR,4.8
611,Ayesha Siddiqui,38.0,421055.0,8.0,Karachi,nan,4.8
138,Fatima Jinnah,62.0,55571.0,3.0,Karachi,Finance,1.0
195,Ayesha Siddiqui,inf,589457.0,1.0,Delhi,Operations,1.0
587,Muhammad Javed,42.0,1505903.0,9.0,Delhi,Finance,2.5
301,Sana Mir,,43830.0,1.0,Bangalore,Finance,2.5
397,Muhammad Javed,18.0,1271656.0,29.0,Karachi,HR,1.0
381,Wasim Akram,26.0,1009366.0,,Hyderabad,IT,3.5
388,Mahira Khan,61.0,inf,21.0,nan,nan,4.2
207,Ahmed Khan,-25.0,1967252.0,6.0,Chennai,Finance,1.0
364,Malala Yousafzai,58.0,817170.0,11.0,Delhi,HR,
129,Junaid Jamshed,49.0,,25.0,Mumbai,IT,
317,Ahmed Khan,39.0,700569.0,15.0,Delhi,IT,4.2
217,Bilal Zafar,38.0,1875477.0,8.0,Karachi,Operations,
610,Bilal Zafar,22.0,40071.0,1.0,nan,Management,3.5
356,Ahmed Khan,21.0,1253565.0,11.0,Pune,IT,5.0
564,Wasim Akram,51.0,1555885.0,17.0,Pune,Sales,
531,Sana Mir,60.0,1510674.0,15.0,Pune,HR,1.0
152,Bilal Zafar,22.0,1887552.0,,Lahore,HR,4.8
445,Junaid Jamshed,,720112.0,0.0,Delhi,Finance,4.8
476,Mahira Khan,31.0,1563128.0,0.0,Mumbai,IT,5.0
387,Wasim Akram,49.0,1569071.0,2.0,nan,Management,4.8
173,Hassan Niazi,34.0,313236.0,13.0,Mumbai,Operations,4.8
277,Samia Qadri,45.0,1034804.0,28.0,Hyderabad,HR,1.0
332,Fatima Jinnah,39.0,640153.0,22.0,Bangalore,nan,3.5
203,Sana Mir,30.0,520499.0,16.0,Bangalore,Management,
521,Fatima Jinnah,64.0,1089164.0,19.0,Chennai,Management,5.0
321,Samia Qadri,57.0,1920114.0,2.0,Karachi,Finance,
399,Malala Yousafzai,27.0,-50000.0,5.0,Pune,Finance,4.2
458,Bilal Zafar,53.0,966522.0,29.0,Bangalore,HR,
416,Bilal Zafar,27.0,592945.0,inf,Mumbai,Sales,
155,Bilal Zafar,21.0,859428.0,9.0,nan,Sales,
183,Ahmed Khan,24.0,860281.0,19.0,Pune,Operations,5.0
214,Junaid Jamshed,23.0,1944393.0,13.0,Chennai,nan,2.5
515,Malala Yousafzai,32.0,669611.0,24.0,Chennai,nan,
109,Junaid Jamshed,49.0,137456.0,16.0,Lahore,Operations,3.5
470,Junaid Jamshed,20.0,1460682.0,11.0,Lahore,Sales,4.2
648,Ayesha Siddiqui,46.0,1227917.0,4.0,Lahore,HR,3.5
128,Mahira Khan,35.0,1638684.0,7.0,Pune,Operations,
419,Hassan Niazi,45.0,448089.0,9.0,Chennai,Management,4.2
245,Junaid Jamshed,55.0,344262.0,3.0,Karachi,Finance,
269,Bilal Zafar,56.0,437440.0,26.0,Hyderabad,Finance,
436,Samia Qadri,36.0,1046953.0,6.0,Pune,nan,5.0
440,Fatima Jinnah,38.0,42554.0,4.0,Delhi,Operations,1.0
133,Muhammad Javed,34.0,1288965.0,28.0,Lahore,Operations,2.5
558,Muhammad Javed,40.0,500317.0,2.0,Chennai,Finance,3.5
390,Mahira Khan,inf,1831268.0,12.0,Pune,Sales,2.5
530,Sana Mir,54.0,,24.0,nan,Operations,2.5
224,Ahmed Khan,31.0,-50000.0,21.0,Hyderabad,Finance,5.0
130,Mahira Khan,63.0,96668.0,12.0,nan,Operations,2.5
454,Ayesha Siddiqui,37.0,1776217.0,28.0,Pune,Sales,5.0
404,Ayesha Siddiqui,19.0,1434799.0,0.0,Mumbai,nan,1.0
483,Hassan Niazi,57.0,1997287.0,27.0,Delhi,Management,4.2
307,Samia Qadri,41.0,,4.0,Lahore,HR,1.0
378,Malala Yousafzai,44.0,801732.0,1.0,Pune,Operations,4.2
274,Hassan Niazi,19.0,1176130.0,21.0,Pune,Operations,5.0
120,Ayesha Siddiqui,31.0,185233.0,14.0,Chennai,Finance,4.8
403,Malala Yousafzai,54.0,,21.0,Chennai,Management,
197,Ahmed Khan,25.0,1305447.0,7.0,Hyderabad,Sales,3.5
540,Junaid Jamshed,53.0,558157.0,26.0,Pune,HR,3.5
484,Malala Yousafzai,37.0,112981.0,27.0,Hyderabad,IT,2.5
459,Muhammad Javed,60.0,1704410.0,6.0,Hyderabad,IT,4.8
328,Hassan Niazi,62.0,331840.0,24.0,Lahore,Management,5.0
212,Wasim Akram,27.0,1179278.0,8.0,Karachi,Sales,
557,Fatima Jinnah,22.0,1566777.0,12.0,Chennai,Management,4.8
125,Fatima Jinnah,59.0,-50000.0,6.0,Delhi,HR,2.5
542,Junaid Jamshed,53.0,248162.0,8.0,Lahore,Operations,3.5
473,Muhammad Javed,37.0,710967.0,9.0,Delhi,Operations,1.0
297,Muhammad Javed,28.0,1639850.0,22.0,Hyderabad,nan,1.0
